,id,ancestor,size,radius,mass,velocity dispersion,virial parameter
0,0,0,130.925872,6.455618,223705.540466,3.573856,0.442299
1,17,17,277.328603,9.395554,572316.46494,4.631091,0.422507
2,18,18,215.839456,8.288778,351539.521864,8.554681,2.070643
3,22,22,596.068265,13.774412,949723.821328,3.999356,0.278379
4,4,4,8590.075712,52.290592,18253422.114488,13.844713,0.658913
5,30,30,415.783758,11.504264,690668.65901,9.637551,1.856537
6,28,28,2669.758387,29.151509,7383890.019918,12.277941,0.714181
7,35,35,177.774746,7.522464,361411.194568,12.627536,3.982695
8,39,39,133.853926,6.527406,296027.395369,8.091047,1.732205
