,size,radius,mass,velocity dispersion,virial parameter
0,98.0,2.863954,8267.4928515184,2.9326550232334565,1.19172
1,112.0,2.991147,9636.011522913828,2.856569444444445,1.013188
