,size,radius,mass,velocity dispersion,virial parameter
0,4289.0,10.079434,85553.5056651689,4.16157675408019,0.816158
1,527.0,5.010697,20328.094103946987,1.8027008015089374,0.320412
