,size,radius,mass,velocity dispersion,virial parameter
0,4519.0,10.256052,86573.2268414077,4.4009686047623795,0.917811
