,size,radius,mass,velocity dispersion,virial parameter
0,204.0,3.652754,8429.735047235527,2.558797668647405,1.13485
1,110.0,2.974429,4394.071751190161,0.9371524234693874,0.237803
