,size,radius,mass,velocity dispersion,virial parameter
0,3809.0,9.687772,82465.29113216912,3.7192327478243343,0.650009
1,1164.0,6.524868,43676.93752828435,2.1122008481669505,0.266594
