,size,radius,mass,velocity dispersion,virial parameter
0,3882.0,9.749841,82784.62111308568,3.7870025819173576,0.675615
1,1177.0,6.548957,43141.15375210166,2.0617733243093053,0.25812
