,size,radius,mass,virial_parameter
0,858.0,16.530545,493971.11369,1.691392
1,968.0,17.550677,540569.898709,1.933218
