,size,radius,mass,virial_parameter
0,644.0,14.315872,396224.998561,1.254208
1,50.0,3.982308,28825.734398,1.88291
2,52.0,4.058168,27920.59274,5.578458
3,77.0,4.939445,73440.10522,1.531594
4,46.0,3.826078,38690.143075,1.653496
