,size,radius,mass,velocity_dispersion,virial_parameter
0,858.0,16.530545,493971.11369,11.240853,1.691392
1,968.0,17.550677,540569.898709,12.20083,1.933218
