,size,radius,mass,virial_parameter
0,48.0,3.904974,25696.75563,3.394636
1,136.0,6.58078,116010.159091,2.126259
2,40.0,3.578968,30320.895491,3.037093
