,size,radius,mass,virial_parameter
0,845.0,16.400892,502886.881742,1.277129
1,241.0,8.766646,197254.124985,1.561239
