,size,radius,mass,virial_parameter
0,126.0,6.344832,73370.271193,4.722277
1,86.0,5.239073,59195.409926,4.253963
2,56.0,4.205786,34242.341824,9.481851
