,size,radius,mass,virial_parameter
0,826.0,16.213875,473164.767962,1.165582
1,77.0,4.939445,52118.290098,5.123569
2,544.0,13.161559,349546.853826,1.238742
3,312.0,9.971075,226889.682633,1.17409
