,size,radius,mass,virial_parameter
0,1192.0,19.477955,575791.385619,2.717148
1,343.0,10.448999,202409.55575,3.18007
