,id,ancestor,size,radius,mass,velocity dispersion,virial parameter
0,4,4,34.542737,3.315915,403522.426081,5.961932,13.124961
1,9,9,5.261125,1.29409,50342.352234,3.909886,16.274795
2,11,11,19.184505,2.471157,135301.191851,4.235417,11.666338
3,33,33,9.373039,1.72729,54851.315529,4.53354,19.775308
4,37,37,3.474202,1.051605,19923.51739,3.702138,21.76673
5,2,2,472.199215,12.259922,3427547.069592,29.521193,101.394062
6,42,42,9.167111,1.70821,58717.876887,9.583595,80.957175
