,size,radius,mass,velocity dispersion,virial parameter
0,193.0,3.585372,20852.475386424907,3.2870763787721127,0.743115
