,size,radius,mass,velocity dispersion,virial parameter
0,845.0,16.400892,502886.881742,9.894387,1.277129
1,241.0,8.766646,197254.124985,9.371327,1.561239
