,id,ancestor,size,radius,mass,velocity dispersion,virial parameter
0,7,7,157.500436,7.080533,307440.906498,13.195037,4.811791
1,8,8,160.855403,7.155548,310713.619502,12.544766,4.348996
2,0,0,3225.403977,32.041816,6414372.36035,30.124273,5.43973
