,id,ancestor,size,radius,mass,velocity dispersion,virial parameter
0,3,0,457.007463,12.061094,1032313.427409,29.590684,12.276269
1,5,0,359.164434,10.692315,820934.453098,23.361661,8.530057
2,7,7,157.500436,7.080533,307440.906498,13.195037,4.811791
3,8,8,160.855403,7.155548,310713.619502,12.544766,4.348996
4,9,0,91.377093,5.393165,198701.735673,31.282282,31.872796
5,10,0,237.287644,8.690857,515274.43569,30.687805,19.060616
6,11,0,163.417378,7.212307,353007.957999,35.168261,30.323039
7,12,0,120.168807,6.184733,248128.697085,38.148223,43.528512
