,id,ancestor,size,radius,mass,velocity dispersion,virial parameter
0,1,1,39.100612,3.527905,584023.873126,1.284327,0.033782
1,18,18,38.856614,3.51688,569537.074174,3.052749,0.216755
2,0,0,2877.951427,30.26682,59325638.077913,26.937126,0.476721
