,id,ancestor,size,radius,mass,velocity dispersion,virial parameter
0,0,0,25.79046,2.865198,377150.128494,1.28338,0.026752
1,1,1,2532.265687,28.390935,51291193.120614,27.224287,0.523412
