,id,ancestor,size,radius,mass,velocity dispersion,virial parameter
0,0,0,8.264509,1.621936,31203.242636,53.820963,138.779822
1,1,1,3.201151,1.009434,11383.446225,7.014626,85.405694
2,9,9,5.648184,1.340848,16207.794858,15.802022,59.729829
3,2,2,87.84696,5.287963,314714.766807,37.876251,40.655381
