,id,ancestor,size,radius,mass,velocity dispersion,virial parameter
0,2,0,112.060767,5.972441,374361,15.341193,4.505685
1,3,0,42.739226,3.688403,100917,5.338136,1.249784
2,4,0,25.100031,2.826586,46460,7.254687,3.842365
3,5,5,38.885284,3.518177,79356,6.342221,2.139946
4,6,6,46.395529,3.842936,104550,6.678139,1.967119
