,id,ancestor,size,radius,mass,velocity dispersion,virial parameter
0,0,0,420.969021,11.575776,3833476.612974,18.567616,1.249254
1,5,5,38.885284,3.518177,259190.883027,6.342221,0.655182
2,6,6,46.395529,3.842936,207747.610636,6.678139,0.989964
