,size,radius,mass,velocity dispersion,virial parameter
0,2863.0,8.808851,6940.758333272893,0.893168879139785,0.404986
