,size,radius,mass,velocity dispersion,virial parameter
0,658.0,14.477127,7019.249364,2.507087,5.185501
1,50.0,3.996723,651.326718,2.347922,13.531083
