,size,radius,mass,velocity dispersion,virial parameter
0,90.0,5.351885,1903.340507,2.008906,4.539097
1,10.0,1.817945,201.488871,1.866555,12.573934
