,size,radius,mass,velocity dispersion,virial parameter
0,3033.0,8.979698,7181.624723697565,0.9450703779879065,0.446712
