,size,radius,mass,velocity dispersion,virial parameter
0,98.0,5.578652,1996.995504,2.036261,4.633179
1,10.0,1.74055,185.606852,1.852774,12.876482
