,size,radius,mass,velocity dispersion,virial parameter
0,3623.0,9.527782,8448.83023220854,1.192513102851407,0.641478
