,size,radius,mass,velocity dispersion,virial parameter
0,78.0,4.978647,1742.691308,1.97342,4.450305
1,10.0,1.74055,189.844554,1.851935,12.577658
