,size,radius,mass,velocity dispersion,virial parameter
0,3396.0,9.324809,8033.532480968847,1.1370233238051026,0.60025
