,size,radius,mass,velocity dispersion,virial parameter
0,3469.0,9.390738,8187.824409387715,1.1626264423214412,0.620114
