,size,radius,mass,velocity dispersion,virial parameter
0,3369.0,9.300037,7961.06677003537,1.12052708172591,0.586703
