,size,radius,mass,velocity dispersion,virial parameter
0,3672.0,9.570482,8529.674008651156,1.1961664248958794,0.642162
