,size,radius,mass,velocity dispersion,virial parameter
0,2639.0,8.573045,6624.210844882609,0.8339499773635863,0.360032
