,size,radius,mass,velocity dispersion,virial parameter
0,3246.0,9.185307,7575.640474794868,1.038788387204772,0.523346
