,size,radius,mass,velocity dispersion,virial parameter
0,2630.0,8.563291,6608.937281109068,0.831573532838424,0.358402
