,size,radius,mass,velocity dispersion,virial parameter
0,75.0,4.894966,1716.641915,1.963929,4.399278
1,10.0,1.74055,189.85584,1.857184,12.6483
