,size,radius,mass,velocity dispersion,virial parameter
0,73.0,4.80983,1710.543254,1.946855,4.263073
1,9.0,1.659549,173.811534,1.855471,13.148613
