,size,radius,mass,velocity dispersion,virial parameter
0,99.0,5.603282,1988.704861,2.065559,4.808475
1,9.0,1.659549,169.699474,1.85132,13.407036
