,size,radius,mass,velocity dispersion,virial parameter
0,29.0,3.060057,443.02315,2.324651,14.930644
1,119.0,6.164951,1842.236361,2.309662,7.140704
