,size,radius,mass,velocity dispersion,virial parameter
0,3005.0,8.952419,7137.715892548009,0.9337012764854362,0.437378
