,size,radius,mass,velocity dispersion,virial parameter
0,3165.0,9.107739,7421.422482135607,1.0005499008010228,0.491429
