,size,radius,mass,velocity dispersion,virial parameter
0,2674.0,8.61003,6679.332900179606,0.844737532541292,0.367938
