,size,radius,mass,velocity dispersion,virial parameter
0,29.0,1.911258,142.556544558356,0.03921874999999987,0.008249
1,48.0,2.251427,234.50077922822484,0.018946712802768193,0.001379
