,size,radius,mass,velocity dispersion,virial parameter
0,3139.0,9.082852,7376.408590033496,0.9887835728132931,0.481548
