,size,radius,mass,velocity dispersion,virial parameter
0,3044.0,8.990785,7212.010070938593,0.9478053178762499,0.44796
