,size,radius,mass,velocity dispersion,virial parameter
0,3067.0,9.012876,7252.4855736098725,0.9587649306584659,0.456942
