,size,radius,mass,velocity dispersion,virial parameter
0,3208.0,9.149094,7503.906271227754,1.0227321194717809,0.510122
