,size,radius,mass,velocity dispersion,virial parameter
0,205.0,8.079123,2577.685925,2.383959,7.125111
1,16.0,2.28753,207.272754,2.262303,22.593646
