,size,radius,mass,velocity dispersion,virial parameter
0,93.0,2.808533,506.5485584671169,0.20087566574839283,0.08949
1,28.0,1.886434,147.80859385588238,0.03802499999999984,0.007381
