,size,radius,mass,velocity dispersion,virial parameter
0,3257.0,9.195375,7609.239719505297,1.0483475206601585,0.53125
