,size,radius,mass,velocity dispersion,virial parameter
0,2705.0,8.643705,6722.008766160802,0.8480673666910149,0.369932
