,size,radius,mass,velocity dispersion,virial parameter
0,144.0,3.251359,854.4973944561902,0.21083740234374979,0.067656
1,36.0,2.048228,211.10094671511195,0.12697692871093705,0.062575
