,size,radius,mass,velocity dispersion,virial parameter
0,75.0,4.894966,1554.471445,2.114356,5.630971
1,10.0,1.817945,189.032884,1.941264,14.496817
