,size,radius,mass,velocity dispersion,virial parameter
0,2940.0,8.886602,7042.774787258097,0.9111486632025605,0.419016
