,size,radius,mass,velocity dispersion,virial parameter
0,48.0,3.92721,891.895353,2.237563,8.818212
1,12.0,1.963605,207.910542,2.224735,18.697948
