,size,radius,mass,velocity dispersion,virial parameter
0,77.0,4.95091,1595.468939,2.104938,5.499654
1,10.0,1.817945,190.445761,1.932146,14.254404
