,size,radius,mass,velocity dispersion,virial parameter
0,3531.0,9.446735,8284.650834825137,1.1763559361993063,0.631168
