,size,radius,mass,velocity dispersion,virial parameter
0,74.0,4.866753,1729.602223,1.952483,4.290692
1,9.0,1.659549,174.593948,1.849294,13.002671
