,size,radius,mass,velocity dispersion,virial parameter
0,2656.0,8.591274,6649.403285520077,0.840235864926677,0.364869
