,size,radius,mass,velocity dispersion,virial parameter
0,136.0,3.186573,782.5001566329588,0.2144761626005059,0.07493
1,35.0,2.037504,201.91801524875683,0.10432098765432053,0.043927
