,size,radius,mass,velocity dispersion,virial parameter
0,39.0,3.520435,529.760864,2.336526,14.511684
1,152.0,6.962198,2091.383421,2.406533,7.711812
