,size,radius,mass,velocity dispersion,virial parameter
0,2825.0,8.770038,6890.544269032153,0.8788273333183835,0.393201
