,size,radius,mass,velocity dispersion,virial parameter
0,561.0,13.359111,6418.501876,2.454635,5.016232
1,123.0,6.25366,1834.466506,2.324982,7.370956
