,size,radius,mass,velocity dispersion,virial parameter
0,3120.0,9.064915,7339.7509323846625,0.9843409356840656,0.478667
