,size,radius,mass,velocity dispersion,virial parameter
0,3188.0,9.129806,7463.984750544923,1.0139955075330356,0.503064
