,size,radius,mass,velocity dispersion,virial parameter
0,3271.0,9.209116,7646.17744042736,1.0572915135635503,0.538546
