,size,radius,mass,velocity dispersion,virial parameter
0,81.0,5.088081,1676.621938,2.098168,5.343914
1,10.0,1.817945,191.206949,1.926163,14.109874
