,size,radius,mass,velocity dispersion,virial parameter
0,2970.0,8.9171,7087.779576405175,0.9245998748393671,0.430211
