,size,radius,mass,velocity dispersion,virial parameter
0,3816.0,9.693967,8728.76952220871,1.2237788516543215,0.665295
