,size,radius,mass,velocity dispersion,virial parameter
0,74.0,4.838375,1704.554766,1.9517,4.324887
1,9.0,1.659549,175.439979,1.841318,12.828593
