,size,radius,mass,velocity dispersion,virial parameter
0,3346.0,9.278773,7890.798354945126,1.0998361991384784,0.568965
