,size,radius,mass,velocity dispersion,virial parameter
0,3719.0,9.611351,8604.074332809436,1.2173436076871251,0.662166
