,size,radius,mass,velocity dispersion,virial parameter
0,592.0,13.725182,6616.796299,2.469905,5.061633
1,164.0,7.214745,2301.766911,2.385223,7.133089
