,size,radius,mass,velocity dispersion,virial parameter
0,3585.0,9.494636,8373.818456372497,1.1835328366628215,0.635295
