,size,radius,mass,velocity dispersion,virial parameter
0,2901.0,8.847898,6991.696093725026,0.9035683111893498,0.413275
