,size,radius,mass,velocity dispersion,virial parameter
0,2787.0,8.73029,6840.9088932081,0.8704739678297342,0.3868
