,size,radius,mass,velocity dispersion,virial parameter
0,2730.0,8.669982,6759.10521697882,0.8552581430510923,0.375304
