,size,radius,mass,velocity dispersion,virial parameter
0,2761.0,8.703196,6802.361249858359,0.8601751142769438,0.378663
