,size,radius,mass,velocity dispersion,virial parameter
0,57.0,2.392498,290.01261013161974,0.06481257208765843,0.013862
1,30.0,1.923432,148.86831625890557,0.0484318262726947,0.012123
