,size,radius,mass,velocity dispersion,virial parameter
0,3226.0,9.166171,7536.809647619286,1.028086792775059,0.514186
