,size,radius,mass,velocity dispersion,virial parameter
0,3761.0,9.647549,8666.426760063521,1.2176381007845765,0.660197
