,size,radius,mass,velocity dispersion,virial parameter
0,100.0,5.65222,2024.712875,2.050638,4.695626
1,9.0,1.659549,171.298073,1.84504,13.191952
