,size,radius,mass,velocity dispersion,virial parameter
0,74.0,4.838375,1511.282063,2.123009,5.771887
1,11.0,1.892177,200.903228,1.954379,14.389723
