,size,radius,mass,velocity dispersion,virial parameter
0,93.0,5.428526,1930.351984,2.019944,4.589699
1,10.0,1.74055,187.156288,1.84815,12.706214
