,size,radius,mass,velocity dispersion,virial parameter
0,84.0,5.168636,1823.16382,1.99195,4.499528
1,10.0,1.74055,189.102207,1.849839,12.59847
