,size,radius,mass,velocity dispersion,virial parameter
0,16.0,2.226519,276.376365,2.215849,15.822165
1,31.0,3.148773,582.391513,2.261912,11.064645
