,size,radius,mass,velocity dispersion,virial parameter
0,3286.0,9.222816,7687.065472168508,1.0674913739923337,0.54688
