,size,radius,mass,velocity dispersion,virial parameter
0,3306.0,9.241194,7754.353154899004,1.082864520051064,0.558973
