,size,radius,mass,velocity dispersion,virial parameter
0,94.0,5.479025,1912.567058,2.077569,4.946039
1,9.0,1.659549,167.689392,1.860768,13.706576
