,size,radius,mass,velocity dispersion,virial parameter
0,3323.0,9.257412,7820.376372681942,1.0839686314244061,0.556359
