,size,radius,mass,velocity dispersion,virial parameter
0,3428.0,9.354055,8108.049520408112,1.1444649313951403,0.604433
