,size,radius,mass,velocity dispersion,virial parameter
0,2621.0,8.553515,6593.780835682778,0.8278604983189579,0.355619
