,size,radius,mass,velocity dispersion,virial parameter
0,3091.0,9.036505,7294.697440064967,0.9698905198222761,0.466121
